Time ms,Euler x deg,Euler y deg,Euler z deg,Quat w,Quat y,Quat x,Quat z,Accel x m/s^2,Accel y m/s^2,Accel z m/s^2,Magnet x uT,Magnet y uT,Magnet z uT,Gravity x m/s^2,Gravity y m/s^2,Gravity z m/s^2,Linear x m/s^2,Linear y m/s^2,Linear z m/s^2,Gyro x rad/s,Gyro y rad/s,Gyro z rad/s,BNO Temp *C,Calibration,BME Temp *C,BME Pressure Pa, BME Altitude m,Time ms,Time (s) Zeroed,Altitude (m)
20005582,7,87,4294967295,0.7071,-0.7054,-0.0199,-0.0446,39.34,2.99,-7.03,-25.5,-2.375,9,9.8,0.33,0.04,29.54,-6.11,12.87,0.1444,-0.0089,0.0689,41,331,41.86776,85847,1376,20005652,0,0
20005740,6,88,4294967295,0.7073,-0.7057,-0.0137,-0.0378,39.34,8.26,1.88,-25.875,-1.6875,8.5,9.8,0.32,0.03,29.54,1.59,15.36,0.2856,0,0.0378,41.01968,331,41.89236,85817,1379,20005795,0.143,3
20005881,5,88,4294967295,0.7089,-0.7042,-0.0151,-0.0368,39.34,2.38,3.99,-26.6875,-0.6875,9.875,9.8,0.3,0.07,29.54,1.91,-2.95,-0.0789,0.0011,-0.0711,41.04592,331,41.9246,85770,1383,20005939,0.287,7
20006027,7,87,4294967294,0.7068,-0.7059,-0.01,-0.0454,39.34,2.15,-1.73,-26.6875,-2.5,11.6875,9.79,0.54,0.01,29.55,1.31,-1.18,0.0722,-0.0956,-0.3056,41.07216,331,41.9578,85735,1387,20006080,0.428,11
20006168,9,84,4294967122,0.6998,-0.712,0.0135,-0.0571,39.34,1.64,-2.4,-24.75,-3.25,9.875,9.74,1.07,-0.17,29.6,0.22,0.02,0.0944,-0.1633,-0.5144,41.11808,331,42.0148,85660,1394,20006221,0.569,18
20006309,13,79,4294967194,0.6894,-0.7188,0.0413,-0.0797,39.34,0.23,-0.84,-23.5625,-6.6875,12.1875,9.62,1.83,-0.4,29.72,-1.97,-0.9,-0.0856,-0.1611,-0.5478,41.17712,331,42.08836,85567,1403,20006369,0.717,27
20006455,18,75,4294967194,0.679,-0.723,0.0593,-0.1125,39.34,-1.58,-1.02,-21.1875,-10.1875,11.75,9.47,2.45,-0.52,29.87,-4.1,-0.67,-0.1644,-0.1089,-0.36,41.24928,331,42.1776,85445,1414,20006510,0.858,38
20006598,21,73,4294967193,0.6725,-0.726,0.0699,-0.1251,39.34,-2.85,-0.92,-21.0625,-13.5,13.5,9.4,2.7,-0.65,29.94,-5.37,0.9,0.37,-0.06,0.0011,41.32144,331,42.2678,85335,1425,20006656,1.004,49
20006744,16,74,4294967188,0.6697,-0.7314,0.0856,-0.0952,39.34,-1.79,-0.5,-20.875,-11.5,15.75,9.46,2.42,-0.85,29.87,-3.32,0.51,0.6933,0.0856,0.3733,41.38704,331,42.3518,85260,1435,20006799,1.147,59
20006885,7,77,4294967181,0.672,-0.733,0.0985,-0.0389,39.34,0.76,-0.6,-22.6875,-10.6875,15,9.6,1.77,-0.91,29.74,-0.63,0.28,0.5067,0.1222,0.4078,41.43296,331,42.40648,85156,1442,20006938,1.286,66
20007026,1,80,4294967174,0.6744,-0.7315,0.1,-0.0046,39.34,3.68,-2.1,-23.5,-6.25,17.75,9.67,1.35,-0.88,29.67,1.4,-0.89,0.1789,0.0022,0.1044,41.51824,331,42.5126,85020,1455,20007084,1.432,79
20007172,359,80,4294967172,0.6714,-0.7335,0.1061,0.0007,39.34,2.66,-0.92,-24.6875,-6.0625,18.25,9.65,1.42,-0.98,29.7,0.67,0.6,-0.0233,-0.1322,-0.2144,41.62976,331,42.65184,84848,1472,20007227,1.575,96
20007313,0,77,4294967172,0.664,-0.7374,0.1239,-0.0047,39.34,-0.91,1.14,-23.1875,-6.6875,18.875,9.58,1.71,-1.19,29.77,-3.02,2.95,0.5956,-0.09,-0.1822,41.73472,331,42.78224,84678,1488,20007370,1.718,112
20007458,355,77,4294967167,0.6536,-0.7377,0.1659,0.0316,39.34,-1.15,1.22,-23.1875,-5.5,20.375,9.56,1.62,-1.43,29.78,-3.28,3.47,1.2722,0.08,0.0878,41.8528,331,42.9292,84490,1506,20007514,1.862,130
20007602,341,78,4294967155,0.641,-0.7302,0.2133,0.1021,39.34,0.97,0.01,-23.75,0.0625,21,9.61,1.13,-1.55,29.73,0.98,1.12,1.4556,0.0989,0.1978,41.96432,331,43.06796,84312,1523,20007655,2.003,147
20007743,329,79,4294967144,0.6245,-0.7162,0.2617,0.1692,39.34,3.47,-3.06,-23.1875,5,24.6875,9.63,0.83,-1.6,29.71,1.88,-1.49,0.3,-0.0167,-0.1789,42.09552,331,43.23196,84112,1543,20007800,2.148,167
20007888,330,78,4294967148,0.622,-0.7161,0.2729,0.1606,39.34,-0.6,-0.77,-23.375,4.75,24.1875,9.58,1.1,-1.74,29.76,-2.19,0.8,-0.3067,-0.1922,-0.0844,42.23984,331,43.41172,83884,1565,20007942,2.29,189
20008030,331,77,4294967147,0.6163,-0.7213,0.274,0.1574,39.34,-0.5,2.79,-22.875,3,26.0625,9.56,1.04,-1.87,29.77,-0.07,3.62,0.7522,0.0756,0.1056,42.38416,331,43.59132,83654,1587,20008087,2.435,211
20008175,322,78,4294967139,0.6034,-0.7081,0.304,0.2052,39.34,1.72,-2.47,-22.875,5.375,25.375,9.6,0.71,-1.82,29.73,1.28,-0.11,0.6556,0.1267,0.0244,42.5416,331,43.7878,83410,1611,20008228,2.576,235
20008316,322,78,4294967139,0.603,-0.7061,0.3077,0.2076,39.34,0.87,-2.4,-22.75,7.875,24.75,9.59,0.81,-1.84,29.75,1.11,1.96,-1.0156,-0.18,-0.0922,42.69248,331,43.9756,83170,1634,20008370,2.718,258
20008458,332,77,4294967148,0.6202,-0.7213,0.2688,0.1511,39.34,-0.68,1.65,-22.75,2.25,26.1875,9.57,1.18,-1.76,29.77,-1.93,2.13,-1.1478,0.0656,0.0422,42.8696,331,44.197,82900,1661,20008515,2.863,285
20008603,343,78,4294967159,0.6469,-0.7301,0.2034,0.0849,39.34,3.05,-3.39,-22.375,0.0625,25.875,9.6,1.4,-1.4,29.74,1.27,-1.23,-2.0289,0,0.0389,43.0336,331,44.40144,82643,1686,20008656,3.004,310
20008744,1,77,4294967173,0.6653,-0.7375,0.114,-0.0188,39.34,-0.16,-0.12,-23.1875,-6.0625,24.1875,9.57,1.81,-1.05,29.77,-1.28,1.51,-1.9756,-0.05,-0.0844,43.21072,331,44.6226,82370,1713,20008802,3.15,337
20008890,19,77,4294967189,0.6744,-0.7287,0.027,-0.1158,39.34,1.07,-1.18,-21.75,-14.5,20.5625,9.58,2.01,-0.55,29.76,-0.07,-0.63,-1.9811,-0.0411,0.0789,43.40096,331,44.86536,82142,1742,20008945,3.293,366
20009031,35,77,4294967203,0.6682,-0.7072,-0.0717,-0.2195,39.34,0.56,4.07,-21.875,-21.0625,14.875,9.57,2.12,-0.02,29.77,0.32,4.16,-1.6833,0.0711,-0.0511,43.53872,331,45.0314,81855,1763,20009086,3.434,387
20009175,47,77,4294967218,0.6611,-0.6765,-0.139,-0.2933,39.34,2.84,2.61,-21.0625,-24.375,10.375,9.57,2.07,0.5,29.77,0.52,-3.47,-1.3744,-0.0889,-0.0356,43.74864,331,45.29396,81537,1795,20009230,3.578,419
20009318,56,77,4294967227,0.646,-0.6507,-0.1907,-0.3506,23.78,1.41,1.37,-21.0625,-26.0625,3.875,9.55,2.04,0.84,13.68,-0.14,0.19,-0.9589,0.0022,-0.0122,43.99136,331,45.59744,81168,1832,20009371,3.719,456
20009459,63,76,4294967236,0.6355,-0.6257,-0.2281,-0.3907,-2.25,-0.63,-2.44,-19.5625,-27.6875,0.5,9.54,1.93,1.13,-13.19,-3.21,-3.34,-0.9344,-0.0811,0.0411,44.24064,331,45.90904,80788,1870,20009517,3.865,494
20009605,68,77,4294967242,0.618,-0.6016,-0.2707,-0.4276,-7.91,1.48,1.12,-20.6875,-27.6875,-2,9.56,1.75,1.29,-18.26,-0.18,-1.16,-0.7078,0.0033,-0.0756,44.36528,331,46.0642,80590,1889,20009660,4.008,513
20009748,73,76,4294967246,0.6049,-0.5822,-0.2923,-0.458,-9.28,-1.47,-1.69,-21.0625,-27.5625,-4.1875,9.53,1.74,1.51,-18.82,-3.82,-2.79,-0.6967,0.0311,0.0489,44.66048,331,46.43376,80147,1934,20009801,4.149,558
20009887,78,76,4294967253,0.5917,-0.5573,-0.3259,-0.4828,-9.3,1.5,-1.32,-20.25,-26.375,-6.5,9.55,1.45,1.64,-18.74,0.36,-0.79,-0.6711,-0.0011,0.0467,44.90976,331,46.74576,79772,1972,20009947,4.295,596
20010035,82,76,4294967258,0.5773,-0.5367,-0.3481,-0.5074,-9.31,0.9,-1.68,-21.0625,-26.0625,-10,9.53,1.4,1.81,-19,-2.37,-3.25,-0.7267,0.0256,-0.1256,45.14592,331,47.04096,79412,2008,20010088,4.436,632
20010176,88,76,4294967263,0.5556,-0.5087,-0.377,-0.5389,-11.05,-0.73,-1.12,-19.1875,-25.5,-12.5625,9.53,1.19,1.97,-21.08,-1.59,-1.62,-1.0856,-0.0156,0.0644,45.48704,331,47.46848,78906,2060,20010233,4.581,684
20010321,95,76,4294967273,0.5263,-0.4653,-0.4199,-0.5746,-11.01,1.61,-0.76,-19.875,-22.5,-15.1875,9.53,0.88,2.12,-20.51,-0.77,-2.09,-1.0378,0.0522,-0.08,45.70352,331,47.73916,78577,2093,20010377,4.725,717
20010463,101,75,4294967281,0.496,-0.422,-0.4525,-0.6093,-11.11,-0.03,-0.72,-19.1875,-20.5625,-18.75,9.51,0.58,2.31,-20.4,0.36,-8.1,-1.3356,0.0111,0.0244,46.01184,331,48.12608,78126,2140,20010518,4.866,764
20010610,109,75,4294967292,0.4504,-0.3608,-0.4983,-0.647,-10.36,2.26,-1.5,-19.875,-15.75,-22.6875,9.5,0.12,2.39,-20.48,0.5,-1.95,-1.3844,0.0356,-0.0644,46.23488,331,48.40528,77791,2174,20010663,5.011,798
20010752,119,75,4,0.3996,-0.3,-0.5344,-0.6818,-10.01,-0.88,-2.51,-19.1875,-14,-25.75,9.49,-0.24,2.43,-19.51,-1.33,-5.17,-1.6178,0.0189,-0.0178,46.5104,331,48.75048,77381,2216,20010805,5.153,840
20010893,128,75,17,0.3356,-0.2177,-0.5781,-0.7112,-9.98,2.51,-1.02,-18.875,-6.25,-27.5625,9.49,-0.86,2.28,-19.23,2.14,-3.85,-1.9744,-0.0456,0.0544,46.75968,331,49.06384,77023,2254,20010950,5.298,878
20011036,140,75,31,0.264,-0.1326,-0.614,-0.7319,-9.63,0.1,1.27,-19.1875,0.25,-29.0625,9.49,-1.31,2.04,-19.12,2.34,-1.36,-1.4856,0.1067,-0.0756,46.96304,331,49.3274,76830,2285,20011091,5.439,909
20011180,150,75,42,0.194,-0.0514,-0.6355,-0.7456,-9.08,1.37,-2.33,-18.0625,7.6875,-29.375,9.48,-1.73,1.77,-18.9,1.62,-0.29,-1.8756,-0.0111,0.03,47.17296,331,49.58236,76417,2317,20011233,5.581,941
20011321,163,75,58,0.105,0.0505,-0.6581,-0.7439,-8.99,0.95,-0.43,-19.1875,15,-25.5,9.5,-2.12,1.15,-18.51,4.17,-4.26,-2.0733,-0.1211,-0.1189,47.43536,331,49.91196,76037,2357,20011378,5.726,981
20011468,177,76,73,0.0131,0.1421,-0.6689,-0.7295,-8.61,-0.18,-1.22,-20.375,21.1875,-20.375,9.53,-2.22,0.56,-18.53,1.66,-0.76,-1.9689,0.0533,0.0489,47.63216,331,50.15868,75746,2387,20011522,5.87,1011
20011610,191,75,89,-0.0732,0.2426,-0.6628,-0.7047,-8.86,3.09,0.67,-20.25,26.375,-12.875,9.5,-2.41,-0.04,-18.03,5.14,-0.5,-1.8944,0.0367,0.0356,47.83552,331,50.414,75450,2418,20011669,6.017,1042
20011757,208,76,103,-0.1714,0.3397,-0.6422,-0.6654,-8.19,1.54,-3.85,-19.875,28.5625,-10.1875,9.53,-2.21,-0.65,-17.67,3.69,-1.79,-2.82,0.0367,-0.1511,48.07168,331,50.7108,75110,2454,20011808,6.156,1078
20011896,236,76,130,-0.31,0.4705,-0.5936,-0.5746,-8.31,0.02,-0.91,-21.375,29.875,2.0625,9.55,-1.57,-1.57,-17.89,1.52,-1.18,-4.04,-0.0722,-0.0344,48.32096,331,51.02448,74756,2492,20011948,6.296,1116
20012036,270,76,159,-0.454,0.6047,-0.4935,-0.4297,-7.86,0.28,-0.76,-21.375,26,16.5,9.54,-0.55,-2.18,-17.31,1.99,1.8,-3.7489,0.0144,0.0456,48.50464,331,51.25536,74492,2520,20012093,6.441,1144
20012181,309,76,4294967128,-0.5652,0.692,-0.3629,-0.2645,-7.66,3.62,-2.91,-21.75,14,24.6875,9.55,0.61,-2.12,-17.37,0.63,0.17,-3.9722,0.0511,-0.12,48.72768,331,51.53616,74177,2554,20012234,6.582,1178
20012322,348,76,4294967164,-0.6465,0.7327,-0.2028,-0.0634,-7.79,0.28,-0.97,-21,-4.375,27,9.54,1.8,-1.37,-17.1,-0.85,-1.83,-4.45,0.0644,-0.0933,48.95728,331,51.82516,73852,2589,20012380,6.728,1213
20012468,27,76,4294967200,-0.6779,0.7128,0.0146,0.1795,-7.06,2,-1.52,-21.0625,-20.0625,19.25,9.52,2.33,0.04,-16.8,1.16,0.94,-4.6178,-0.0144,-0.0644,49.15408,331,52.07308,73576,2619,20012521,6.869,1243
20012607,58,75,4294967234,-0.6481,0.6316,0.1997,0.3757,-7.35,1.92,-0.57,-20.1875,-27.375,7.875,9.49,2.02,1.37,-16.72,-0.23,-4.71,-3.99,0.1056,-0.0167,49.35088,331,52.3202,73290,2649,20012662,7.01,1273
20012748,84,75,4294967266,-0.5706,0.5013,0.3668,0.5372,-7.05,2.22,-2.66,-20.25,-28.875,-7.375,9.47,0.99,2.33,-16.29,1.29,-5.15,-4.5822,0.0122,-0.12,49.58048,331,52.60976,72972,2684,20012808,7.156,1308
20012896,113,74,2,-0.4368,0.3265,0.509,0.666,-6.81,0.51,-1.28,-19.5,-19.875,-21.875,9.43,-0.36,2.64,-15.97,1.01,-4.55,-4.1144,0.1089,-0.1067,49.79696,331,52.88252,72669,2717,20012951,7.299,1341
20013039,138,74,32,-0.276,0.129,0.6064,0.7344,-6.74,2.14,-0.9,-18.75,-3.875,-28.5,9.43,-1.67,2.06,-16.11,3.4,-4.79,-4.48,-0.0378,-0.09,50.01344,331,53.16176,72447,2750,20013096,7.444,1374
20013185,169,74,67,-0.0666,-0.1041,0.6627,0.7386,-6.4,0.01,-2.08,-18,14.25,-24.5625,9.46,-2.43,0.79,-16.02,3.18,-3.24,-4.3189,0.0556,-0.0689,50.13808,331,53.31212,72189,2769,20013238,7.586,1393
20013326,201,74,100,0.1301,-0.3132,0.6528,0.6774,-6.2,0.91,-1.68,-19.75,27.0625,-11.875,9.47,-2.44,-0.7,-15.77,4.27,1.75,-4.47,-0.0233,-0.0111,50.34144,331,53.56848,71906,2800,20013377,7.725,1424
20013465,236,75,131,0.3036,-0.4834,0.5928,0.5682,-6.09,2.63,-1.18,-20.1875,30.375,5.25,9.48,-1.72,-1.77,-15.8,4.24,1.88,-3.5533,0.1289,-0.0756,50.51856,331,53.79228,71666,2827,20013520,7.868,1451
20013608,271,76,160,0.446,-0.6053,0.4971,0.433,-5.97,0.9,-1.12,-20.5625,25.5625,16.25,9.51,-0.6,-2.28,-15.55,1.72,-0.53,-4.2856,-0.0033,-0.0389,50.7416,331,54.07324,71353,2861,20013664,8.012,1485
20013752,314,75,4294967132,0.5783,-0.7073,0.3392,0.2241,-5.87,1.88,-1.83,-21.375,14.375,24.5,9.51,0.94,-2.19,-15.43,0.76,0.9,-4.2989,0.0089,-0.1178,50.92528,331,54.30564,71108,2889,20013809,8.157,1513
20013897,357,75,4294967169,0.6524,-0.7386,0.1691,0.017,-5.78,-0.41,-0.63,-21,-4.1875,26.875,9.5,2.02,-1.29,-15.35,-2.12,-1.61,-4.25,0.0067,0.0456,51.11552,331,54.54528,70841,2918,20013950,8.298,1542
20014039,30,76,4294967202,0.6755,-0.7142,-0.0169,-0.1827,-5.59,2.85,-0.91,-21,-19.75,20.375,9.52,2.34,-0.01,-15.11,-0.14,-0.27,-4.0067,0.0667,0.0056,51.28608,331,54.7604,70605,2944,20014092,8.44,1568
20014180,57,75,4294967232,0.652,-0.6423,-0.1824,-0.3594,-5.71,2.07,-0.83,-20.1875,-28.25,7.5625,9.49,2.14,1.23,-15.06,-1.13,-3.35,-3.7689,0.0811,-0.1333,51.47632,331,55.00116,70352,2973,20014237,8.585,1597
20014325,82,74,4294967262,0.579,-0.517,-0.345,-0.5277,-5.49,1.94,-2.67,-19.75,-29.6875,-9.1875,9.43,1.26,2.35,-14.68,0.12,-4.02,-4.3611,0.0778,-0.0911,51.66656,331,55.2416,70095,3002,20014379,8.727,1626
20014467,108,73,4294967293,0.4571,-0.3466,-0.4894,-0.6568,-5.39,1.42,-1.98,-18.75,-23.6875,-19.6875,9.41,-0.12,2.75,-14.79,2.13,-4.89,-4.2056,0.0367,-0.1144,51.85024,331,55.47312,69839,3030,20014526,8.874,1654
20014614,135,73,26,0.3015,-0.1573,-0.5919,-0.7308,-5.45,0.31,-0.55,-18.375,-7.75,-29.375,9.41,-1.41,2.35,-14.74,2.3,-4.38,-4.0478,0.0411,-0.0878,52.02736,331,55.69708,69601,3057,20014667,9.015,1681
20014755,160,73,55,0.1319,0.0394,-0.6478,-0.7493,-5.12,1.53,-2.69,-18.375,8.75,-29,9.41,-2.4,1.28,-14.48,2.76,-3.64,-3.9689,0.0011,-0.0322,52.21104,331,55.92948,69356,3085,20014811,9.159,1709
20014897,187,74,85,-0.0438,0.2316,-0.6595,-0.7137,-5.03,1.07,-1.42,-19.0625,22.5625,-18.375,9.43,-2.66,-0.08,-14.46,4.1,-0.93,-4.1111,0.0167,-0.0689,52.3816,331,56.14532,69129,3111,20014954,9.302,1735
20015042,220,74,117,-0.2308,0.418,-0.6204,-0.6221,-4.89,1,-0.56,-18.75,30.5625,-2.0625,9.46,-2.19,-1.3,-14.18,3.1,0.85,-3.6889,0.1178,-0.0578,52.49968,331,56.29404,68963,3129,20015095,9.443,1753
20015185,254,75,144,-0.3834,0.558,-0.5393,-0.5008,-4.82,0.85,-3.29,-19.75,29.0625,11.0625,9.49,-1.26,-2.1,-13.93,2.8,-0.34,-4.1667,0.0011,-0.0122,52.68992,331,56.53496,68712,3158,20015243,9.591,1782
20015331,296,75,178,-0.5262,0.6802,-0.4055,-0.3097,-4.42,1.28,-2.49,-20.5625,16.75,24.25,9.48,0.27,-2.49,-13.87,1.09,1.19,-4.1189,-0.0433,-0.1422,52.85392,331,56.74212,68489,3183,20015382,9.73,1807
20015476,338,74,4294967152,-0.6165,0.7342,-0.2602,-0.1152,-4.56,-1.02,-1.6,-20.5625,0.75,29.1875,9.46,1.64,-1.97,-13.87,-2.22,2.1,-3.7678,0.03,-0.0433,53.03104,331,56.96664,68258,3210,20015529,9.877,1834
20015618,10,74,4294967180,-0.6622,0.7392,-0.1062,0.0618,-4.15,3.14,-0.76,-21.1875,-9.875,26.5625,9.47,2.36,-0.89,-13.66,0.22,0.14,-3.1289,0.0844,-0.02,53.1688,331,57.14052,68069,3231,20015675,10.023,1855
20015763,34,74,4294967206,-0.6749,0.7044,0.0303,0.2177,-4.12,1.69,-1.14,-19.6875,-22,20,9.44,2.62,0.21,-13.66,-1.33,-1.41,-2.6289,0.1878,-0.1567,53.33936,331,57.357,67850,3257,20015816,10.164,1881
20015904,54,73,4294967230,-0.6603,0.6455,0.1498,0.3533,-4.09,0.84,-2.69,-20.1875,-28.6875,9.875,9.39,2.47,1.35,-13.55,-0.74,-5.07,-3.5111,-0.0489,-0.1633,53.52304,331,57.5894,67605,3285,20015962,10.31,1909
20016050,79,72,4294967255,-0.601,0.5513,0.2927,0.4993,-4,-0.52,-1.25,-18.75,-31.5625,-5.0625,9.36,1.82,2.27,-13.47,-2.17,-3.51,-3.3278,-0.0733,-0.1189,53.68704,331,57.79736,67392,3310,20016103,10.451,1934
20016191,98,72,4294967276,-0.5216,0.4378,0.4104,0.6065,-3.85,1.35,-1.28,-17.6875,-27.0625,-17.75,9.36,0.86,2.79,-13.31,-0.49,-3.44,-2.76,0.0256,-0.0333,53.83792,331,57.98828,67191,3333,20016244,10.592,1957
20016332,114,72,0,-0.4391,0.3196,0.4959,0.6775,-4,-0.47,-0.78,-18.0625,-18.1875,-25.75,9.33,-0.26,2.98,-13.05,0.31,-3.85,-2.6933,0.0789,0.0667,54.00192,331,58.19632,66979,3358,20016390,10.738,1982
20016478,130,71,25,-0.3379,0.1749,0.5723,0.7264,-3.86,1.8,-1.49,-17.6875,-10.75,-29.25,9.31,-1.46,2.7,-12.99,3.43,-3.89,-2.9356,0.0133,0.0333,54.14624,331,58.37872,66784,3380,20016529,10.877,2004
20016617,145,71,44,-0.2231,0.0363,0.6236,0.7484,-3.78,1.32,-0.49,-17,3.25,-29.25,9.31,-2.28,2.05,-12.99,3.85,-1.74,-2.6889,0.0878,-0.1456,54.284,331,58.55332,66604,3401,20016674,11.022,2025
20016762,164,72,62,-0.1022,-0.0927,0.6481,0.749,-3.61,0.58,-0.02,-17.75,13.1875,-25.25,9.33,-2.71,1.27,-12.86,3.37,-4.26,-2.7911,0.0622,-0.0878,54.45456,331,58.76956,66382,3427,20016816,11.164,2051
20016904,183,72,82,0.0234,-0.2269,0.6544,0.7209,-3.5,0.19,-1.46,-17.0625,23.5625,-17.75,9.35,-2.91,0.24,-12.77,3.22,-1.91,-2.8467,-0.0211,-0.0367,54.612,331,58.96964,66183,3451,20016957,11.305,2075
20017045,205,72,105,0.1487,-0.3597,0.6396,0.6629,-3.33,0.22,-0.26,-18.875,30,-7.375,9.36,-2.73,-1,-12.91,3.36,0.74,-2.8767,-0.0378,-0.0133,54.74976,331,59.14808,66051,3472,20017100,11.448,2096
20017188,227,72,125,0.263,-0.4725,0.603,0.5864,-3.34,0.69,0.15,-17.375,31.75,2.25,9.37,-2.25,-1.77,-12.79,2.61,1.95,-1.8267,0.0822,-0.0244,54.85472,331,59.27744,65868,3488,20017242,11.59,2112
20017330,243,73,137,0.3366,-0.5367,0.5646,0.5291,-3.33,1.1,-0.91,-18.875,30.875,8.5,9.4,-1.75,-2.14,-12.75,2.8,0.39,-1.9433,0.0589,-0.0278,55.0056,331,59.46876,65672,3511,20017383,11.731,2135
20017473,263,73,153,0.408,-0.5988,0.517,0.4559,-3.2,1.28,-0.95,-19.25,27.1875,15.0625,9.41,-1.11,-2.52,-12.5,1.39,1.55,-2.02,-0.0611,-0.0622,55.15648,331,59.66,65475,3534,20017526,11.874,2158
20017614,284,73,171,0.4722,-0.6532,0.4636,0.368,-3.07,-0.02,-0.36,-20.375,21.25,21.1875,9.39,-0.3,-2.8,-12.37,0.22,2.51,-1.8922,-0.0622,-0.0433,55.28768,331,59.82648,65306,3554,20017668,12.016,2178
20017756,300,73,4294967121,0.5182,-0.6898,0.4119,0.2933,-2.93,0.63,-0.05,-19.875,15,26.0625,9.38,0.28,-2.84,-12.52,-0.5,2.42,-1.2144,-0.01,0.0389,55.42544,331,60.00188,65136,3575,20017813,12.161,2199
20017899,312,73,4294967129,0.5478,-0.7128,0.3668,0.2393,-3.02,0.57,-0.46,-19.5625,10.1875,29.1875,9.38,0.63,-2.78,-12.23,0.08,2.52,-0.9822,0.0111,0.0789,55.5632,331,60.17648,64956,3596,20017954,12.302,2220
20018042,322,73,4294967135,0.5719,-0.7283,0.3252,0.1917,-3.09,0.56,-1.56,-19.875,7.25,30.5,9.39,0.96,-2.65,-12.25,0.16,1.64,-1.0433,-0.0044,-0.0178,55.70752,331,60.36,64775,3618,20018094,12.442,2242
20018182,333,72,4294967144,0.5927,-0.7403,0.2859,0.1376,-2.82,1.13,-0.66,-19.875,3.5625,29.1875,9.37,1.4,-2.52,-12.25,-0.63,1.43,-1.1756,-0.0511,-0.0956,55.83872,331,60.52616,64602,3638,20018235,12.583,2262
20018321,345,72,4294967154,0.6121,-0.7477,0.2468,0.0736,-2.66,1.45,-0.57,-18.875,-2,30.5,9.32,1.95,-2.32,-12.05,-1.52,2.34,-0.8078,-0.0111,-0.1922,55.96992,331,60.69656,64482,3658,20018376,12.724,2282
20018464,353,71,4294967163,0.6241,-0.7479,0.2241,0.0304,-2.69,-0.45,-1.36,-19.5625,-6.75,29.5625,9.28,2.33,-2.11,-11.99,-3.02,1.77,-0.72,-0.0289,-0.03,56.10768,331,60.8714,64305,3679,20018522,12.87,2303
20018610,0,71,4294967167,0.6314,-0.7508,0.1938,-0.0027,-2.58,0.46,-0.48,-18.5,-9.75,28.25,9.28,2.44,-1.96,-11.95,-2.1,1.79,-0.6222,-0.07,0.0933,56.20608,331,60.99344,64143,3694,20018663,13.011,2318
20018751,4,71,4294967170,0.6356,-0.7528,0.1689,-0.0267,-2.45,1.85,1.46,-18.5,-10.0625,28,9.29,2.51,-1.84,-11.75,-0.65,1.06,-0.3767,0.0367,-0.0522,56.32416,331,61.14312,63989,3712,20018804,13.152,2336
20018896,8,71,4294967175,0.6436,-0.7467,0.1609,-0.0477,-2.53,0.07,0.49,-18.0625,-13.75,27.0625,9.27,2.76,-1.59,-11.83,-2.98,1.44,-0.0933,0.1911,-0.1333,56.45536,331,61.30992,63824,3732,20018950,13.298,2356
20019042,9,71,4294967181,0.6543,-0.7372,0.1605,-0.0522,-2.48,-1.11,-0.56,-18.875,-14.5625,25.6875,9.3,2.8,-1.31,-11.86,-3.21,-0.19,-0.1611,0.1333,0.0878,56.59312,331,61.48532,63654,3753,20019097,13.445,2377
20019185,10,72,4294967183,0.6609,-0.7344,0.1416,-0.0605,-2.22,0.62,-2.96,-19.1875,-14.875,26.1875,9.35,2.69,-1.15,-11.68,-1.46,-1.66,-0.7044,-0.1467,0.14,56.71776,331,61.6436,63495,3772,20019245,13.593,2396
20019333,17,72,4294967185,0.6588,-0.7391,0.0995,-0.0997,-2.27,1.98,0.13,-19.6875,-16.75,24,9.34,2.75,-1.09,-11.75,-1.36,1.19,-0.7733,-0.1844,-0.0667,56.82272,331,61.77688,63361,3788,20019386,13.734,2412
20019474,23,71,4294967188,0.6553,-0.7386,0.0754,-0.1393,-2.33,0.36,1.47,-19,-18.875,23.0625,9.27,3.03,-0.96,-11.52,-2.65,2.04,-0.63,0.05,-0.1933,56.94736,331,61.93564,63208,3807,20019531,13.879,2431
20019619,29,70,4294967195,0.661,-0.7275,0.0621,-0.1732,-2.19,-0.06,0.07,-17.0625,-21.5625,21.25,9.21,3.29,-0.6,-11.54,-3.96,0.77,-0.2011,0.1567,-0.0933,57.072,331,62.09432,63054,3826,20019673,14.021,2450
20019761,30,69,4294967199,0.6668,-0.7197,0.0563,-0.1848,-2.16,0.2,-1.1,-17.5,-23.75,20.5,9.21,3.33,-0.39,-11.48,-3.63,-0.28,-0.2356,0,0.0456,57.19664,331,62.25284,62898,3845,20019816,14.164,2469
20019902,32,70,4294967200,0.666,-0.7192,0.0427,-0.1937,-2.09,0.59,0.24,-18.5625,-24.875,19.0625,9.23,3.27,-0.38,-11.42,-3.02,0.01,-0.0644,-0.0933,0.0522,57.30816,331,62.39488,62761,3862,20019959,14.307,2486
20020047,32,70,4294967198,0.6627,-0.7231,0.0415,-0.1903,-2.06,1.34,1,-18.5625,-23.375,21.25,9.24,3.23,-0.5,-11.31,-1.88,0.79,0.3367,-0.0111,-0.0344,57.41312,331,62.52808,62626,3878,20020103,14.451,2502
20020191,29,69,4294967195,0.6608,-0.7277,0.0653,-0.1721,-1.97,0.9,0.63,-17.875,-23,21.25,9.2,3.32,-0.68,-11.34,-3.21,1.03,0.6867,0.0844,-0.1467,57.5312,331,62.67816,62477,3896,20020248,14.596,2520
20020336,24,69,4294967192,0.659,-0.7312,0.1058,-0.141,-2.07,0.12,0.15,-17.5625,-22.5625,21.75,9.15,3.39,-0.93,-11.25,-3.98,-0.04,0.6844,0.0467,-0.0822,57.64928,331,62.82856,62332,3914,20020389,14.737,2538
20020477,19,68,4294967188,0.6551,-0.7347,0.1336,-0.1148,-1.95,-0.17,0,-17.875,-20.375,25.25,9.14,3.35,-1.16,-11.07,-3.61,1.07,0.3611,-0.0256,0.0333,57.75424,331,62.96224,62203,3930,20020531,14.879,2554
20020619,16,69,4294967184,0.6505,-0.7395,0.1435,-0.0966,-1.89,0.09,-0.17,-17.875,-17.875,25.6875,9.16,3.2,-1.34,-11.06,-2.87,1.32,0.2822,-0.06,0.1256,57.8592,331,63.09632,62079,3946,20020674,15.022,2570
20020762,12,69,4294967179,0.645,-0.7448,0.155,-0.0723,-1.81,1.01,0.37,-17.875,-16.75,26.6875,9.2,2.98,-1.58,-11,-2.07,1.79,0.68,0,0.0456,57.96416,331,63.23208,61976,3962,20020815,15.163,2586
20020903,5,69,4294967173,0.6354,-0.7473,0.1925,-0.0281,-1.66,1.32,0.1,-18.25,-12.25,28.75,9.2,2.78,-1.92,-11.04,-1.89,1.08,1.15,0.0244,-0.0956,58.07568,331,63.3746,61845,3979,20020961,15.309,2603
20021049,356,69,4294967166,0.619,-0.7463,0.2438,0.0211,-1.67,0.04,-0.64,-17.875,-10.5,29.25,9.15,2.62,-2.34,-10.8,-2.46,2.41,0.9978,-0.0822,-0.1144,58.1544,331,63.47204,61713,3991,20021102,15.45,2615
20021190,346,68,4294967158,0.5961,-0.7443,0.2932,0.0689,-1.71,-0.34,0.55,-17.5625,-7.1875,30.5625,9.09,2.37,-2.8,-10.79,-2.69,3.46,1.1444,-0.0533,-0.0589,58.26592,331,63.61448,61581,4008,20021243,15.591,2632
20021331,336,67,4294967150,0.5729,-0.7386,0.3348,0.119,-1.66,-0.17,0.56,-17.875,-1.6875,31.5,9.08,1.98,-3.11,-10.66,-1.91,3.75,0.7533,0.05,0.0667,58.36432,331,63.73948,61456,4023,20021389,15.737,2647
20021477,327,68,4294967143,0.5562,-0.73,0.3619,0.1639,-1.61,0.68,-0.29,-17.5625,2.375,31.875,9.13,1.49,-3.23,-10.66,-0.88,3.49,1.0344,0.0789,0.0589,58.46272,331,63.86512,61339,4038,20021530,15.878,2662
20021618,315,69,4294967135,0.5303,-0.7136,0.4006,0.2214,-1.38,0.72,-1.03,-18.375,8.1875,30.1875,9.16,1,-3.34,-10.66,-0.65,2.3,1.0078,0.0167,-0.0256,58.56112,331,63.9906,61220,4053,20021676,16.024,2677
20021764,305,68,4294967128,0.505,-0.6986,0.4338,0.2621,-1.5,0.54,-0.45,-18,12.375,29.25,9.14,0.65,-3.48,-10.58,-0.59,2.73,0.83,-0.0867,-0.0467,58.65952,331,64.11592,61099,4068,20021815,16.163,2692
20021903,295,68,4294967122,0.4747,-0.6841,0.4661,0.2991,-1.51,-0.03,0.4,-18.375,14.25,27.5,9.09,0.25,-3.65,-10.62,-0.4,3.71,1.0656,-0.09,0.0067,58.75136,331,64.23304,60988,4082,20021956,16.304,2706
20022044,283,67,176,0.4371,-0.6646,0.498,0.3453,-1.42,-0.01,0.6,-17.25,18.25,26.1875,9.06,-0.32,-3.71,-10.47,0.76,3.69,1.1989,-0.0156,0.0589,58.84976,331,64.35836,60867,4097,20022099,16.447,2721
20022188,267,67,165,0.3898,-0.6324,0.533,0.405,-1.39,0.18,0.02,-18,22.25,23.5,9.06,-1.06,-3.57,-10.51,1.43,3.81,1.62,0.0311,0.0344,58.94816,331,64.48392,60749,4112,20022241,16.589,2736
20022329,249,67,152,0.3289,-0.5842,0.5711,0.4737,-1.38,-0.01,-0.33,-17.25,28.5,17.25,9.07,-1.85,-3.22,-10.36,2.14,2.7,1.8244,-0.0167,0.0144,59.03344,331,64.59452,60669,4125,20022382,16.73,2749
20022474,230,67,137,0.2474,-0.5164,0.6103,0.5474,-1.3,-0.18,-0.56,-16.1875,31.75,11.1875,9.05,-2.69,-2.63,-10.4,2.65,2,2.0589,-0.0389,0.0356,59.11872,331,64.7036,60570,4138,20022528,16.876,2762
20022616,208,67,120,0.1566,-0.4372,0.6385,0.6137,-1.26,-0.13,0.14,-16.1875,33.1875,1.1875,9.02,-3.39,-1.8,-10.24,3.43,1.3,2.2211,-0.0311,0.0744,59.18432,331,64.78472,60459,4148,20022669,17.017,2772
20022757,189,66,103,0.0552,-0.3448,0.6529,0.6721,-1.28,0.01,0.28,-16.1875,33.1875,-5.875,8.97,-3.89,-0.71,-10.18,4.07,0.71,2.3611,0.01,0.1022,59.27616,331,64.902,60350,4162,20022816,17.164,2786
20022904,171,65,84,-0.0613,-0.2297,0.65,0.7218,-1.22,0.22,-0.41,-14.5,29.1875,-16.0625,8.91,-4.01,0.67,-10.05,4.2,-1.03,2.5111,-0.0044,0.0689,59.36144,331,65.01092,60249,4175,20022958,17.306,2799
20023046,155,65,65,-0.1733,-0.1068,0.6296,0.7498,-1.07,0.34,0.29,-14.6875,22.0625,-24.0625,8.89,-3.62,1.98,-10.17,3.6,-2.34,2.6478,-0.0267,0.0544,59.44672,331,65.11952,60144,4188,20023099,17.447,2812
20023187,139,64,45,-0.2855,0.0256,0.5894,0.7552,-1.18,0,0.03,-13.5625,10.25,-32.5,8.87,-2.77,3.12,-10.01,2.89,-2.75,2.7378,0.0011,0.0689,59.532,331,65.22828,60041,4201,20023242,17.59,2825
20023330,124,64,24,-0.39,0.1584,0.5282,0.7374,-0.98,0.43,-0.05,-12.875,-1.375,-32.5,8.84,-1.55,3.92,-9.95,1.74,-3.78,2.6833,0.0178,0.0433,59.61728,331,65.33736,59942,4214,20023382,17.73,2838
20023470,111,64,4,-0.4787,0.2839,0.4506,0.698,-1.08,0.26,0.05,-12.875,-14,-30.75,8.83,-0.13,4.26,-10.01,0.42,-3.87,2.6233,0.0333,0.01,59.68944,331,65.42916,59852,4225,20023527,17.875,2849
20023615,98,63,4294967281,-0.5501,0.3988,0.3596,0.6396,-1.03,-0.1,-0.06,-12.5,-25.375,-24.5625,8.8,1.32,4.1,-9.83,-1.45,-3.8,2.5156,0.05,0.0144,59.77472,331,65.53824,59753,4238,20023670,18.018,2862
20023756,86,63,4294967263,-0.6034,0.4957,0.2626,0.5668,-0.94,0.27,0.04,-12.25,-29.75,-19.375,8.78,2.56,3.53,-9.8,-2.43,-3.35,2.4167,0.0622,0.0022,59.84688,331,65.6302,59665,4249,20023812,18.16,2873
20023898,73,63,4294967245,-0.6415,0.5836,0.152,0.4742,-1.05,-0.16,-0.5,-12.6875,-34.75,-9.1875,8.75,3.64,2.51,-9.83,-3.85,-2.29,2.5167,0.0422,-0.0233,59.9256,331,65.73076,59572,4261,20023957,18.305,2885
20024045,58,63,4294967225,-0.6586,0.6543,0.0397,0.3695,-0.94,0.16,0.05,-14.25,-34.6875,3.5625,8.73,4.29,1.16,-9.73,-4.21,-1.31,2.64,0.0144,-0.0033,60.00432,331,65.83156,59482,4273,20024098,18.446,2897
20024186,41,63,4294967204,-0.6552,0.7095,-0.0775,0.2477,-0.88,0.3,-0.13,-14.25,-30.1875,17.25,8.74,4.42,-0.41,-9.61,-4.37,0.28,2.7533,-0.0267,0.0167,60.07648,331,65.92328,59391,4284,20024244,18.592,2908
20024332,20,63,4294967182,-0.6285,0.7444,-0.1951,0.1128,-0.82,0.26,-0.45,-14.25,-22.0625,24.75,8.74,3.88,-2.13,-9.58,-3.65,2.13,2.8278,-0.05,0.0122,60.13552,331,65.99892,59324,4293,20024385,18.733,2917
20024471,354,62,4294967160,-0.5739,0.7545,-0.316,-0.0388,-0.86,0.14,0.09,-14.875,-8,32,8.73,2.79,-3.48,-9.56,-2.62,3.39,2.8511,-0.0556,0.0211,60.20112,331,66.08268,59246,4303,20024526,18.874,2927
20024612,322,62,4294967138,-0.5004,0.7353,-0.4194,-0.1817,-0.83,0.19,-0.44,-15.25,0.1875,33.875,8.7,1.25,-4.33,-9.47,-0.66,4.15,2.98,-0.0589,0.0022,60.27328,331,66.17512,59164,4314,20024672,19.02,2938
20024760,282,62,176,-0.4034,0.6864,-0.5117,-0.3229,-0.77,-0.03,-0.32,-13.75,14.75,31.6875,8.66,-0.56,-4.55,-9.43,1.07,4.58,3.0778,-0.0822,0.0133,60.33888,331,66.25888,59086,4324,20024813,19.161,2948
20024901,244,61,152,-0.2861,0.609,-0.5843,-0.4537,-0.77,0.08,0.26,-13.0625,26.25,23.25,8.6,-2.38,-4.04,-9.37,2.52,3.83,3.0311,-0.0878,0.06,60.40448,331,66.34256,59007,4334,20024958,19.306,2958
20025047,210,60,128,-0.1532,0.5063,-0.6298,-0.5687,-0.67,0.26,-0.16,-13.5,35.6875,8.75,8.53,-3.92,-2.8,-9.28,4.11,2.75,2.6744,-0.02,0.1078,60.47664,331,66.43484,58923,4345,20025100,19.448,2969
20025186,188,59,109,-0.0368,0.4039,-0.6436,-0.6491,-0.69,0.03,-0.47,-12.0625,35.6875,-3.5625,8.47,-4.76,-1.27,-9.22,5,1.43,2.6722,0.0067,0.0967,60.53568,331,66.50992,58849,4354,20025241,19.589,2978
20025327,166,59,87,0.0817,0.2861,-0.6375,-0.7107,-0.69,0.1,-0.24,-11.6875,33.0625,-16,8.42,-5,0.48,-9.14,5.07,-0.96,2.6956,-0.01,0.0744,60.60784,331,66.60252,58769,4365,20025384,19.732,2989
20025473,150,58,67,0.1981,0.1577,-0.6115,-0.7496,-0.66,0.11,-0.09,-11,25.25,-27,8.37,-4.59,2.22,-9.06,4.59,-2.41,2.6933,-0.01,0.0789,60.66032,331,66.66916,58702,4373,20025526,19.874,2997
20025614,136,58,47,0.3057,0.0278,-0.5668,-0.7646,-0.63,0.24,0.04,-9.875,15.25,-31.25,8.32,-3.65,3.67,-9.01,3.82,-3.44,2.4578,0.0344,0.0789,60.72592,331,66.7534,58630,4383,20025667,20.015,3007
20025755,124,57,28,0.4017,-0.0992,-0.5034,-0.7585,-0.64,0.14,0.08,-8.75,3.875,-35,8.26,-2.29,4.76,-8.87,2.51,-4.54,2.2956,0.0856,0.0444,60.7784,331,66.82004,58563,4391,20025810,20.158,3015
20025899,115,56,12,0.4754,-0.2091,-0.4324,-0.7371,-0.58,0.36,-0.28,-9.1875,-8.25,-35.75,8.19,-0.78,5.33,-8.77,0.88,-5.46,2.2578,0.0956,0.0089,60.83744,331,66.89584,58498,4400,20025952,20.3,3024
20026040,105,56,4294967291,0.5355,-0.3134,-0.3527,-0.7005,-0.64,0.11,-0.02,-8.0625,-20.6875,-32,8.12,0.82,5.42,-8.73,-0.78,-5.72,2.1744,0.0722,-0.0044,60.88992,331,66.96368,58446,4408,20026097,20.445,3032
20026185,96,55,4294967274,0.5814,-0.4073,-0.27,-0.6505,-0.58,-0.05,0.18,-7.875,-30,-25.375,8.08,2.31,5.04,-8.62,-2.41,-5.53,2.0456,0.0533,-0.0089,60.93584,331,67.0214,58380,4415,20026238,20.586,3039
20026327,87,55,4294967259,0.6138,-0.4882,-0.1875,-0.5914,-0.58,0.03,0.19,-8.0625,-34.1875,-16.875,8.04,3.56,4.32,-8.6,-3.64,-4.26,1.9567,0.06,-0.0089,60.98832,331,67.08828,58316,4423,20026382,20.73,3047
20026470,79,54,4294967244,0.6352,-0.5634,-0.0977,-0.5192,-0.51,0.07,-0.12,-8.375,-38.6875,-9.75,8,4.64,3.23,-8.53,-4.55,-3.4,1.95,0.05,-0.0289,61.0408,331,67.15532,58254,4431,20026527,20.875,3055
20026619,69,54,4294967229,0.643,-0.6286,-0.0051,-0.4374,-0.5,0.24,-0.01,-8.875,-40.5,-1.375,7.96,5.41,1.85,-8.42,-5.14,-2.19,2.0056,0.0256,-0.0489,61.09328,331,67.22268,58196,4439,20026673,21.021,3063
20026763,58,53,4294967213,0.6368,-0.6813,0.0847,-0.351,-0.5,0.16,-0.34,-8.6875,-36.6875,9.1875,7.91,5.77,0.33,-8.39,-5.54,-0.24,2.0822,-0.01,-0.0656,61.1392,331,67.28104,58138,4446,20026820,21.168,3070
20026908,45,53,4294967196,0.6165,-0.7237,0.1741,-0.2567,-0.49,0.14,-0.22,-8.6875,-35.0625,19.6875,7.86,5.71,-1.29,-8.35,-5.66,1.12,2.0489,-0.0511,-0.0622,61.19168,331,67.34864,58083,4454,20026961,21.309,3078
20027049,30,52,4294967180,0.5837,-0.7533,0.2576,-0.1597,-0.45,0.09,-0.1,-8,-25.5,27.6875,7.8,5.21,-2.83,-8.25,-4.92,3.09,2.0044,-0.07,-0.0489,61.2376,331,67.40708,58026,4461,20027103,21.451,3085
20027191,12,52,4294967165,0.5369,-0.7704,0.3394,-0.0543,-0.45,0.13,0.04,-8.25,-17.25,34.875,7.74,4.24,-4.26,-8.15,-4.06,4.01,1.9778,-0.0667,-0.0344,61.29008,331,67.47436,57967,4469,20027248,21.596,3093
20027336,349,51,4294967148,0.4836,-0.773,0.4081,0.0443,-0.38,0.14,-0.05,-7,-5.5,37.5,7.67,3,-5.3,-8.05,-2.73,5.27,1.96,-0.09,-0.02,61.336,331,67.53304,57913,4476,20027389,21.737,3100
20027478,322,50,4294967133,0.4221,-0.763,0.4687,0.1415,-0.4,0.19,0.23,-8.1875,1.5,38,7.6,1.54,-5.99,-8.04,-1.33,6.21,1.9633,-0.0911,-0.0133,61.3688,331,67.57468,57871,4481,20027533,21.881,3105
20027621,292,50,4294967118,0.3532,-0.7409,0.5203,0.2358,-0.36,0.16,-0.31,-6.1875,11.5,35.25,7.52,-0.05,-6.28,-7.89,0.29,6.08,1.9089,-0.1011,0.0133,61.41472,331,67.6336,57820,4488,20027676,22.024,3112
20027764,261,49,167,0.2796,-0.7084,0.5613,0.3238,-0.35,0.13,-0.33,-4.6875,21.875,31.75,7.42,-1.75,-6.15,-7.77,1.81,5.93,1.8467,-0.11,0.0411,61.46064,331,67.6926,57770,4495,20027817,22.165,3119
20027906,233,48,153,0.203,-0.6679,0.5911,0.4039,-0.33,0,-0.09,-4.5,30.375,24.75,7.31,-3.24,-5.66,-7.68,3.17,5.46,1.7633,-0.1144,0.0767,61.49344,331,67.73416,57727,4500,20027961,22.309,3124
20028049,209,47,139,0.1211,-0.6185,0.6107,0.4795,-0.35,-0.03,0.1,-3.25,36.0625,17.25,7.19,-4.53,-4.88,-7.52,4.54,4.91,1.6333,-0.0956,0.1111,61.5328,331,67.78456,57682,4506,20028102,22.45,3130
20028190,190,46,126,0.0482,-0.5696,0.618,0.5396,-0.31,-0.06,0.31,-2.0625,39.375,9.375,7.05,-5.57,-3.9,-7.34,5.61,3.68,1.5167,-0.0733,0.1333,61.57872,331,67.84372,57634,4513,20028248,22.596,3137
20028336,176,45,115,-0.0206,-0.5195,0.6169,0.5909,-0.33,-0.01,0.15,-2.375,40.5625,2,6.91,-6.36,-2.78,-7.22,6.44,2.67,1.4211,-0.0511,0.1489,61.5984,331,67.86864,57608,4516,20028389,22.737,3140
20028475,164,43,104,-0.0854,-0.4682,0.6088,0.6347,-0.27,0,-0.11,-1.0625,42,-4.5625,6.77,-6.91,-1.58,-7.06,7.02,1.32,1.3711,-0.0256,0.1533,61.6312,331,67.91068,57571,4521,20028530,22.878,3145
20028616,155,42,93,-0.1473,-0.4148,0.5945,0.673,-0.3,0.04,-0.18,0.25,39.75,-11.6875,6.6,-7.24,-0.13,-6.89,7.24,0.09,1.34,0,0.1511,61.67056,331,67.96084,57523,4527,20028686,23.034,3151
20028774,146,41,82,-0.2139,-0.3517,0.5717,0.7098,-0.26,0.09,0.01,1.375,37.25,-18.75,6.46,-7.28,1.15,-6.71,7.3,-1.29,1.2933,0.02,0.1511,61.6968,331,67.99476,57497,4531,20028825,23.173,3155
20028913,140,40,73,-0.2682,-0.296,0.5467,0.7359,-0.27,-0.07,0.07,3.5,32.25,-25.875,6.31,-7.11,2.4,-6.55,7.05,-2.26,1.2378,0.0333,0.15,61.72304,331,68.02788,57461,4535,20028966,23.314,3159
20029052,134,39,63,-0.3181,-0.2418,0.5182,0.7562,-0.24,0,0.15,4.1875,27.25,-31.5625,6.15,-6.76,3.54,-6.38,6.75,-3.63,1.1589,0.0511,0.1556,61.75584,331,68.07032,57429,4540,20029110,23.458,3164
20029198,129,37,54,-0.3634,-0.1904,0.4869,0.7711,-0.2,0.08,0.04,5.0625,21.375,-36.875,5.98,-6.27,4.58,-6.19,6.35,-4.66,1.1089,0.08,0.15,61.78864,331,68.11212,57389,4545,20029251,23.599,3169
20029339,125,36,46,-0.4044,-0.1407,0.4526,0.7822,-0.2,0.03,0.01,5.875,19.1875,-39.0625,5.8,-5.65,5.52,-6,5.65,-5.54,1.0611,0.1133,0.1422,61.80832,331,68.13712,57364,4548,20029394,23.742,3172
20029483,121,35,38,-0.4437,-0.0892,0.413,0.7903,-0.22,0.02,-0.08,7.6875,11.75,-42.0625,5.59,-4.86,6.41,-5.8,4.87,-6.25,1.0533,0.1367,0.1267,61.83456,331,68.17072,57334,4552,20029536,23.884,3176
20029624,118,33,30,-0.4769,-0.0411,0.3723,0.7952,-0.2,0.04,-0.01,8.375,6.375,-42.0625,5.39,-3.98,7.15,-5.59,4.05,-7.07,1.0611,0.1644,0.1022,61.8608,331,68.20432,57304,4556,20029675,24.023,3180
20029763,115,32,22,-0.5045,0.0041,0.3314,0.7972,-0.18,0.06,-0.09,9.75,-0.5625,-44.75,5.17,-2.99,7.77,-5.33,2.99,-7.74,1.06,0.1822,0.0722,61.88048,331,68.22924,57278,4559,20029820,24.168,3183
20029908,112,30,14,-0.5316,0.0557,0.2821,0.7967,-0.18,0.03,0.05,9.875,-6.875,-44.75,4.95,-1.91,8.24,-5.11,1.85,-8.25,1.0444,0.19,0.0444,61.90672,331,68.26324,57253,4563,20029962,24.31,3187
20030050,110,29,6,-0.5525,0.1033,0.2344,0.7932,-0.16,0.11,0,11.0625,-13.875,-44.25,4.73,-0.76,8.55,-4.9,0.77,-8.57,1.0444,0.1933,0.0222,61.91984,331,68.28028,57241,4565,20030101,24.449,3189
20030195,108,27,4294967295,-0.5702,0.1542,0.1819,0.7861,-0.15,0.01,0,12.0625,-20.0625,-41.1875,4.49,0.51,8.69,-4.66,-0.47,-8.63,1.0422,0.1889,-0.0122,61.94608,331,68.31332,57204,4569,20030251,24.599,3193
20030337,106,26,4294967287,-0.5823,0.201,0.1321,0.7766,-0.15,-0.02,0.02,13.0625,-23.6875,-38.5625,4.27,1.72,8.65,-4.44,-1.65,-8.57,1.0233,0.1844,-0.0311,61.9592,331,68.33028,57191,4571,20030390,24.738,3195
20030478,104,24,4294967279,-0.5903,0.2462,0.0825,0.7643,-0.14,0,-0.03,14.25,-29.5625,-35.875,4.05,2.9,8.44,-4.19,-3.02,-8.27,1.0078,0.1833,-0.0489,61.97888,331,68.35552,57169,4574,20030535,24.883,3198
20030623,103,23,4294967271,-0.5948,0.2896,0.0328,0.7491,-0.15,0.01,-0.05,15.5,-33.875,-32.75,3.82,4.03,8.07,-3.96,-4.13,-8.05,0.9989,0.18,-0.0589,61.992,331,68.3724,57155,4576,20030679,25.027,3200
20030767,101,21,4294967264,-0.596,0.3317,-0.0168,0.7311,-0.15,0.09,0.1,16.0625,-38.5625,-25.75,3.58,5.17,7.51,-3.74,-5.09,-7.5,0.9922,0.1744,-0.0733,62.00512,331,68.3892,57140,4578,20030820,25.168,3202
20030912,100,20,4294967256,-0.5933,0.3749,-0.0699,0.7089,-0.14,0.1,0.05,16.75,-41.875,-21.75,3.35,6.16,6.84,-3.48,-6.17,-6.78,0.9978,0.1722,-0.0944,62.01824,331,68.40568,57121,4580,20030965,25.313,3204
20031053,98,18,4294967248,-0.5867,0.4139,-0.1199,0.6856,-0.13,0.17,-0.03,17,-44.375,-18.6875,3.11,7.06,6.04,-3.22,-7.01,-6.04,1.0044,0.1656,-0.1256,62.03136,331,68.42264,57108,4582,20031107,25.455,3206
20031195,97,17,4294967241,-0.5758,0.4515,-0.1699,0.6601,-0.15,0.1,-0.07,17.875,-46.6875,-10.25,2.84,7.92,5.02,-2.97,-7.81,-5.04,1.0189,0.1467,-0.1489,62.04448,331,68.43936,57092,4584,20031254,25.602,3208
20031342,96,15,4294967232,-0.5587,0.4912,-0.2232,0.6299,-0.12,0.12,-0.02,18.375,-47.25,-6.75,2.58,8.6,3.92,-2.71,-8.36,-3.92,1.0633,0.1144,-0.1756,62.05104,331,68.44772,57084,4585,20031393,25.741,3209
20031481,96,14,4294967225,-0.5367,0.5286,-0.2732,0.5982,-0.14,0.21,-0.14,19.1875,-46.875,-1,2.32,9.14,2.67,-2.46,-9.03,-2.75,1.1211,0.0756,-0.2033,62.06416,331,68.46492,57074,4587,20031535,25.883,3211
20031625,95,12,4294967215,-0.5082,0.5661,-0.3228,0.563,-0.13,0.19,-0.17,20.75,-45.6875,5.5625,2.03,9.5,1.26,-2.13,-9.37,-1.26,1.1633,0.0244,-0.2244,62.06416,331,68.46476,57072,4587,20031680,26.028,3211
20031768,95,10,4294967206,-0.4731,0.603,-0.3704,0.5247,-0.15,0.22,-0.04,21.75,-41.875,13.0625,1.74,9.64,-0.23,-1.83,-9.39,0.18,1.2011,-0.0311,-0.2367,62.07072,331,68.47296,57062,4588,20031821,26.169,3212
20031907,96,8,4294967197,-0.4317,0.6388,-0.415,0.483,-0.11,0.16,-0.04,23.0625,-38.5625,18.75,1.4,9.51,-1.91,-1.54,-9.32,1.71,1.2278,-0.0867,-0.2311,62.07728,331,68.48164,57058,4589,20031965,26.313,3213
20032053,97,6,4294967188,-0.3807,0.6751,-0.4584,0.4349,-0.11,0.08,-0.09,25.0625,-34.375,25.875,1.08,9.1,-3.47,-1.21,-8.94,3.46,1.2567,-0.1367,-0.2233,62.07728,331,68.48132,57054,4589,20032106,26.454,3213
20032194,99,4,4294967178,-0.3276,0.7064,-0.4941,0.3867,-0.11,0.19,-0.06,25.5,-30,30.25,0.74,8.41,-4.97,-0.87,-8.32,4.9,1.2811,-0.1811,-0.2011,62.08384,331,68.48976,57047,4590,20032245,26.593,3214
20032337,102,2,4294967167,-0.27,0.7346,-0.5244,0.3354,-0.11,0.08,-0.04,27.6875,-23,32.0625,0.38,7.45,-6.35,-0.5,-7.26,6.38,1.2967,-0.2189,-0.1789,62.08384,331,68.48976,57047,4590,20032391,26.739,3214
20032479,288,0,4294967158,-0.2088,0.759,-0.5485,0.282,-0.11,0.14,-0.15,29.75,-16,35.6875,0.02,6.26,-7.54,-0.12,-6,7.59,1.2967,-0.25,-0.1411,62.08384,331,68.49008,57051,4590,20032534,26.882,3214
20032622,287,4294967295,4294967148,-0.1451,0.779,-0.5663,0.2266,-0.13,0.11,-0.01,32.6875,-8.5625,36.5625,-0.37,4.75,-8.56,0.27,-4.54,8.61,1.3089,-0.2711,-0.11,62.07728,331,68.4814,57055,4589,20032679,27.027,3213
20032768,287,4294967292,4294967137,-0.0747,0.7954,-0.5784,0.1649,-0.11,0.11,0.03,34.5625,1,38.75,-0.75,3.18,-9.24,0.65,-2.96,9.16,1.31,-0.2822,-0.0711,62.07728,331,68.48124,57053,4589,20032823,27.171,3213
20032909,288,4294967290,4294967127,-0.0085,0.8057,-0.5826,0.1064,-0.1,0.12,0.06,35.1875,7.875,35.375,-1.13,1.54,-9.61,1.01,-1.3,9.44,1.2922,-0.2856,-0.0256,62.07072,331,68.47296,57062,4588,20032968,27.316,3212
20033056,288,4294967288,4294967117,0.0611,0.8117,-0.5792,0.0442,-0.14,0.08,0,37.6875,14.875,33.0625,-1.52,-0.22,-9.68,1.38,0.29,9.71,1.2678,-0.2733,0.02,62.07072,331,68.4732,57065,4588,20033110,27.458,3212
20033198,289,4294967286,171,0.1241,0.8126,-0.5693,-0.0137,-0.19,-0.16,0.06,38.5625,19.1875,30.0625,-1.87,-1.82,-9.45,1.77,2.11,9.24,1.2556,-0.26,0.0556,62.01824,331,68.40568,57121,4580,20033251,27.599,3204
20033337,290,4294967284,161,0.1852,0.807,-0.5563,-0.0699,0.07,-0.33,-2.38,40.6875,25.5,26.1875,-2.21,-3.34,-8.95,2.35,3.61,10.91,1.2711,-0.2156,0.0522,62.07072,331,68.47288,57061,4588,20033394,27.742,3212
20033482,292,4294967282,151,0.2439,0.798,-0.5355,-0.1298,-0.56,0,-0.13,41.5625,29.0625,20.5,-2.49,-4.79,-8.18,2.12,4.86,8.22,1.3033,-0.1889,0.1067,62.06416,331,68.46492,57074,4587,20033536,27.884,3211
20033624,294,4294967280,141,0.3004,0.785,-0.5074,-0.1899,-1.5,0.26,-0.34,42.375,32,14,-2.77,-6.08,-7.17,2.1,6.04,6.76,1.3233,-0.1767,0.1511,62.05104,331,68.44804,57088,4585,20033681,28.029,3209
20033769,69,4294967278,131,0.3591,0.7663,-0.4691,-0.2526,-1.37,-0.43,-3.35,44.0625,35.1875,7,-3.12,-7.23,-5.83,1,7.57,8.72,1.3056,-0.1256,0.2678,62.03792,331,68.431,57100,4583,20033822,28.17,3207
20033912,74,4294967276,120,0.4042,0.7488,-0.4244,-0.3096,-22.35,10.85,3.72,44.6875,34.875,-0.0625,-3.37,-8.01,-4.53,-34.81,19.5,0.12,1.2711,0.1244,-0.0556,62.06416,331,68.46452,57069,4587,20033968,28.316,3211
20034056,83,4294967278,111,0.4238,0.7206,-0.3978,-0.3779,-31.68,-28.56,-13.5,43.375,35.0625,-6.0625,-3.5,-8.56,-3.23,-24.05,-20.2,-8.45,0.4622,-1.2756,2.5411,61.98544,331,68.36412,57164,4575,20034115,28.463,3199
20034203,40,4294967247,103,0.6125,0.716,-0.248,-0.2249,-9.79,12.44,3.89,51.6875,28.1875,-11.75,-8.04,-5.51,-1,-3.6,21.87,4.93,0.2456,-2.7433,3.9233,62.10352,332,68.51476,57022,4593,20034254,28.602,3217
20034342,15,4294967229,71,0.7412,0.6443,-0.1581,-0.1021,-13.74,25.15,10.6,52.75,5.875,-26.0625,-8.97,-3.71,1.35,-3.58,25.1,7.24,0.1189,-0.8456,-1.2589,62.10352,332,68.51508,57026,4593,20034400,28.748,3217
